ID,Name,Type,Position,Url,Summary,P_INCTOTTHOU,P_DRIVEWORK,AREA_ALAND,AREA_AWATER,AREA_INTPTLAT,AREA_INTPTLON,AREA_MEDINCTHOU,AREA_POPTOTTHOU,AREA_LFPRATE,AREA_UNEMPRATE,AREA_RAILSTATIONS,AREA_RAILDENS,AREA_POPDENS,tag01,tag02,tag03,tag04,tag05,tag06,tag07
84,"Al Noor market
",Market,"40.69706612103582, -73.9061615357803","https://www.google.com/maps/place/Al+Noor+market+%E2%80%8F%D8%A8%D9%82%D8%A7%D9%84%D8%A9+%D8%A7%D9%84%D9%86%D9%88%D8%B1%E2%80%AD/@40.6968831,-73.9105443,17z/data=!4m10!1m2!2m1!1smarket!3m6!1s0x89c25d10ba8f5aaf:0x1bc936cdf5c93367!8m2!3d40.6968831!4d-73.9061669!15sCgZtYXJrZXRaCCIGbWFya2V0kgENZ3JvY2VyeV9zdG9yZZoBJENoZERTVWhOTUc5blMwVkpRMEZuU1VSYWVFeFlablozUlJBQuABAPoBBAhlEBY!16s%2Fg%2F11vd8xm3l2?entry=ttu&g_ep=EgoyMDI1MDIxOS4xIKXMDSoASAFQAw%3D%3D","A well-stocked halal market with fresh produce, hard-to-find Middle Eastern spices, and the best pita in the neighborhood. Affordable essentials and a clean, well-organized space for weekly grocery runs.",,,,,,,,,,,,,,Halal,MiddleEasternSpices,PitaBread,FreshProduce,Affordable,LocalGrocery,InternationalProducts
27,"Amma Cafe
",Cafe,"40.70220883960574, -73.900967022287","https://www.google.com/maps/place/Amma+Cafe/@40.7020421,-73.9053176,17z/data=!4m11!1m3!2m2!1scafe!6e5!3m6!1s0x89c25d6ffb5bbe37:0x6c0bab81981f0091!8m2!3d40.7020421!4d-73.9009402!15sCgRjYWZlWgYiBGNhZmWSAQRjYWZl4AEA!16s%2Fg%2F11ghtb3gpr?entry=ttu&g_ep=EgoyMDI1MDIxOS4xIKXMDSoASAFQAw%3D%3D","A go-to espresso spot with a loyal following, known for warm hospitality and smooth coffee. While some rave about its charm, others say the atmosphere is better than the drinks.",216.0,1.0,326552231.0,8653266.0,40.7874003,-74.2462919,73.785,853.374,79.3,8.2,39.0,0.119429593,2613.284856,Espresso,FriendlyVibes,CoffeeBeforeAShow,WineBar,LocalFavorite,QuickService,CozySpot
29,"Anti Co. Cafe
",Cafe,"40.68600710890395, -73.92941203578029","https://www.google.com/maps/place/Anti+Co.+Cafe/@40.6858566,-73.9337948,17z/data=!4m11!1m3!2m2!1scafe!6e5!3m6!1s0x89c25d001db6584b:0xfc60ec35617468ad!8m2!3d40.6858566!4d-73.9294174!15sCgRjYWZlWgYiBGNhZmWSAQRjYWZl4AEA!16s%2Fg%2F11ybrvk4fw?entry=ttu&g_ep=EgoyMDI1MDIxOS4xIKXMDSoASAFQAw%3D%3D","A café where vanilla syrup is homemade, banana bread vanishes by noon, and mornings start with a perfect cappuccino. Like stepping into a friend’s kitchen, where coffee comes with conversation.",55.0,0.0,800946846.0,35297517.0,40.4396214,-74.4074303,105.206,860.147,81.0,5.8,10.0,0.012485223,1073.912713,BananaBread,VanillaLatte,MorningRitual,HomemadeFlavors,LocalRoast,CafeCommunity,SmallBatch
45,"Aris Pollos A La Brasa
",Restaurant,"40.69472046158922, -73.91075437057697","https://www.google.com/maps/place/Aris+Pollos+A+La+Brasa/@40.6946986,-73.9113009,20z/data=!4m10!1m2!2m1!1srestaurant!3m6!1s0x89c25c3d38e81957:0xd4d3fa315b511681!8m2!3d40.6946986!4d-73.9107537!15sCgpyZXN0YXVyYW50WgwiCnJlc3RhdXJhbnSSARRkb21pbmljYW5fcmVzdGF1cmFudOABAA!16s%2Fg%2F1hbpwshy5?entry=ttu&g_ep=EgoyMDI1MDIxOS4xIKXMDSoASAFQAw%3D%3D","A go-to for homesick Puerto Ricans, where rotisserie chicken drips with seasoning and arroz con gandules feels like family dinner. Service wavers, but the food keeps people coming back.",37.0,1.0,1627263273.0,742151361.0,39.865669,-74.2588636,82.379,638.691,78.4,5.3,2.0,0.001229057,392.4939563,RotisserieChicken,DominicanFlavors,RiceAndBeans,LateNightEats,FamilyStyle,TakeoutSpot,FlavorPacked
8,"AromaHaven Cafe
",Cafe,"40.6975779658796, -73.92399058320487","https://www.google.com/maps/place/AromaHaven+Cafe/@40.697277,-73.9328633,16z/data=!4m10!1m2!2m1!1scafe!3m6!1s0x89c25d0daedc4981:0xfae48187432e1b09!8m2!3d40.697277!4d-73.9241086!15sCgRjYWZlWgYiBGNhZmWSAQtjb2ZmZWVfc2hvcOABAA!16s%2Fg%2F11y5cz2jgp?entry=ttu&g_ep=EgoyMDI1MDIxOS4xIKXMDSoASAFQAw%3D%3D","A stylish, modern café with a welcoming vibe, serving Dominican breakfast and rich vanilla lattes. Friendly staff, trendy decor, and flavorful mangú make it a standout for locals and visitors alike.",175.0,0.0,1194048303.0,53103740.0,40.8588961,-74.5472917,130.808,508.816,83.9,5.1,19.0,0.015912254,426.1268147,Cafe,Breakfast,Dominican,Coffee,FriendlyService,Trendy,Clean
65,"Aunt Ginny's
",Bar,"40.70562751486002, -73.90702800617153","https://www.google.com/maps/place/Aunt+Ginny's/@40.7054984,-73.9082363,19z/data=!4m10!1m2!2m1!1sbar!3m6!1s0x89c25e9e0eeeca19:0xe9c35910124cfc26!8m2!3d40.7054984!4d-73.907142!15sCgNiYXJaBSIDYmFykgEDYmFy4AEA!16s%2Fg%2F11by_l91l9?entry=ttu&g_ep=EgoyMDI1MDIxOS4xIKXMDSoASAFQAw%3D%3D","A dive bar with personality—cheap drinks, a pool table, and a food window serving loaded nachos and spice bags. Service is unpredictable, but regulars swear by the wings and late-night eats.",,,,,,,,,,,,,,DiveBar,CheapDrinks,PoolTable,LateNightEats,SpiceBag,LoadedNachos,UnpredictableService
60,"Bar Cornelia
",Bar,"40.690487800000014, -73.91550633753027","https://www.google.com/maps/place/Bar+Cornelia/@40.690497,-73.9165725,19z/data=!4m10!1m2!2m1!1sbar!3m6!1s0x89c25d42d4ce1dab:0xc9a738a589c944f6!8m2!3d40.6904878!4d-73.9154366!15sCgNiYXJaBSIDYmFykgEDYmFy4AEA!16s%2Fg%2F11r9fns_xg?entry=ttu&g_ep=EgoyMDI1MDIxOS4xIKXMDSoASAFQAw%3D%3D","A true neighborhood bar—strong drinks, hip-hop playlists, and a patio for people-watching. Service can be hit or miss, but the fried mac n' cheese and homemade sangria are worth it.",25.0,1.0,602918746.0,35387155.0,40.9596985,-74.0747272,118.714,953.243,82.6,5.2,31.0,0.051416547,1581.047208,DiveBar,PatioVibes,CheapDrinks,HipHopPlaylist,Sangria,FriedMacNCheese,NeighborhoodSpot
56,"Bar28
",Bar,"40.694849588932776, -73.9061963357803","https://www.google.com/maps/place/Bar28/@40.6946991,-73.9105791,17z/data=!3m1!5s0x89c25c237c243c95:0xb81ddb01106c4686!4m10!1m2!2m1!1sbar!3m6!1s0x89c25dd7769c3b1d:0x918da9c3cfc823!8m2!3d40.696888!4d-73.9068498!15sCgNiYXJaBSIDYmFykgEKc3BvcnRzX2JhcuABAA!16s%2Fg%2F11w2h9h617?entry=ttu&g_ep=EgoyMDI1MDIxOS4xIKXMDSoASAFQAw%3D%3D","A go-to sports bar with plenty of TVs, drink deals, and a growing event space downstairs—perfect for game day, networking, or a private speakeasy-style gathering.",52.0,1.0,602918746.0,35387155.0,40.9596985,-74.0747272,118.714,953.243,82.6,5.2,31.0,0.051416547,1581.047208,SportsBar,DrinkDeals,GameDay,EventSpace,FootballSundays,Bushwick,TVScreens
31,"Bill's
",Restaurant,"40.69627977639926, -73.90491565234483","https://www.google.com/maps/place/Bill's/@40.6962025,-73.9081182,17z/data=!4m10!1m2!2m1!1srestaurant!3m6!1s0x89c25c24ec921ef1:0x82b06cb6f9dfd370!8m2!3d40.6962025!4d-73.9048803!15sCgpyZXN0YXVyYW50WgwiCnJlc3RhdXJhbnSSAQVkaW5lcuABAA!16s%2Fg%2F1tjgqhqp?entry=ttu&g_ep=EgoyMDI1MDIxOS4xIKXMDSoASAFQAw%3D%3D","Retro vibes, filled with early risers and longtime locals. Known for its bacon, egg, and cheese at sunrise, sizzling home fries, and old-school counter service.",95.0,1.0,781832071.0,7993022.0,40.5655273,-74.6199378,131.948,344.978,84.6,4.7,11.0,0.014069517,441.2430914,Diner,Breakfast,RetroVibes,CashOnly,Pancakes,HomeFries,EarlyBird
53,"Bonus Room
",Bar,"40.69622015810163, -73.90468102666844","https://www.google.com/maps/place/Bonus+Room/@40.6943777,-73.9052121,17z/data=!4m10!1m2!2m1!1sbar!3m6!1s0x89c25c24eec8a8ef:0xfbda0150200f043!8m2!3d40.6961096!4d-73.9046386!15sCgNiYXJaBSIDYmFykgEDYmFy4AEA!16s%2Fg%2F11cn9jst7p?entry=ttu&g_ep=EgoyMDI1MDIxOS4xIKXMDSoASAFQAw%3D%3D","A true dive bar with green leather booths, cheap beer-shot combos, and the crispiest fried pickles. Pool table, pinball, and killer trivia nights make it a local favorite.",3.3,1.0,800946846.0,35297517.0,40.4396214,-74.4074303,105.206,860.147,81.0,5.8,10.0,0.012485223,1073.912713,DiveBar,FriedPickles,PoolTable,TriviaNight,BeerShotCombo,LaidBack,NeighborhoodSpot
70,"Bootleg Bar
",Bar,"40.698838495722576, -73.91723297578073","https://www.google.com/maps/place/Bootleg+Bar/@40.6987447,-73.9174935,21z/data=!4m11!1m3!2m2!1sbar!6e5!3m6!1s0x89c25c199de885d9:0xc2247b30be5c3eff!8m2!3d40.6987447!4d-73.9172199!15sCgNiYXJaBSIDYmFykgEDYmFy4AEA!16s%2Fg%2F1q5bpchmw?entry=ttu&g_ep=EgoyMDI1MDIxOS4xIKXMDSoASAFQAw%3D%3D","A rowdy dive with a pool table, loud rock, and a backyard for late-night hangs. Espresso martinis, a killer patty melt, and a mischievous jukebox keep the chaos fun.",,,,,,,,,,,,,,DiveBar,PoolTable,PattyMelt,EspressoMartini,LoudMusic,Backyard,RowdyVibes
1,"Brooklyn Barista
",Cafe,"40.697435938483316, -73.90689661024207","https://www.google.com/maps/place/Brooklyn+Barista/@40.6936697,-73.9109628,16z/data=!4m10!1m2!2m1!1scafe!3m6!1s0x89c25c237914afe5:0xbcdfc13a7c61b64b!8m2!3d40.6971168!4d-73.9069847!15sCgRjYWZlWgYiBGNhZmWSAQRjYWZl4AEA!16s%2Fg%2F11hd7dvlzd?entry=ttu&g_ep=EgoyMDI1MDIxOS4xIKXMDSoASAFQAw%3D%3D","A sunlit café where locals return daily for rich coffee and perfectly made bacon, egg & cheese or lox bagels. Fast service, familiar faces, and a warm welcome make every visit feel special.",33.7,1.0,1212586195.0,500430336.0,40.2870481,-74.1524456,118.527,643.064,81.9,5.1,14.0,0.011545571,530.3243618,Cafe,Breakfast,Bagels,Coffee,Affordable,FastService,LocalFavorite
78,"Brooklyn Made
",Venue,"40.707572716922705, -73.92207025621832","https://www.google.com/maps/place/Brooklyn+Made/@40.7071742,-73.9308786,16z/data=!4m10!1m2!2m1!1smuusic+venue!3m6!1s0x89c25f7d7a712253:0xcd8762f71245674e!8m2!3d40.7071742!4d-73.9221239!15sCgttdXNpYyB2ZW51ZVoNIgttdXNpYyB2ZW51ZZIBEGxpdmVfbXVzaWNfdmVudWWaASNDaFpEU1VoTk1HOW5TMFZKUTBGblNVUmlYMkp5ZFUxQkVBReABAPoBBAhQEEc!16s%2Fg%2F11q255vbj3?entry=ttu&g_ep=EgoyMDI1MDIxOS4xIKXMDSoASAFQAw%3D%3D","A music venue where the sound system and stage lighting can create magic—or chaos. Rooftop views, cozy fireplaces, and a well-stocked bar make it more than just a concert space.",,,,,,,,,,,,,,LiveMusic,Rooftop,CozyFireplace,IntimateVenue,BarScene,GreatLighting,MixedAcoustics
33,"Bushwick Burger Co.
",Restaurant,"40.69619951320766, -73.9095718755613","https://www.google.com/maps/place/Bushwick+Burger+Co./@40.6960958,-73.9117418,18z/data=!4m10!1m2!2m1!1srestaurant!3m6!1s0x89c25da706f1b6d3:0xeb3a882150b2ed52!8m2!3d40.6960958!4d-73.9095531!15sCgpyZXN0YXVyYW50WgwiCnJlc3RhdXJhbnSSARNhbWVyaWNhbl9yZXN0YXVyYW504AEA!16s%2Fg%2F11r3mhvzjx?entry=ttu&g_ep=EgoyMDI1MDIxOS4xIKXMDSoASAFQAw%3D%3D","A burger spot where late-night cravings meet warm service—some orders miss the mark, but the sweet potato fries set a new standard. The staff? Some make you feel at home, others leave you waiting.",142.0,1.0,602918746.0,35387155.0,40.9596985,-74.0747272,118.714,953.243,82.6,5.2,31.0,0.051416547,1581.047208,Burgers,SweetPotatoFries,LateNightEats,FriendlyService,Inconsistent,TakeoutSpot,CasualVibes
72,"Bushwick Playground
",Venue,"40.69617038721122, -73.91186813001862","https://www.google.com/maps/place/Bushwick+Playground/@40.6950352,-73.9138483,17.53z/data=!4m10!1m3!2m2!1sbar!6e5!3m5!1s0x89c25bf9a90274fb:0xf7bf76d9dfbe1d44!8m2!3d40.696068!4d-73.911887!16s%2Fg%2F1th5_qny?entry=ttu&g_ep=EgoyMDI1MDIxOS4xIKXMDSoASAFQAw%3D%3D","A park of two realities—mornings filled with peaceful joggers and playful children, nights overtaken by chaos.",,,,,,,,,,,,,,Playground,SportsFields,ParkCleanup,Soccer,UnsafeAtNight,CommunityConcern,MixedCrowd
43,"Bushwick Taco Company
",Restaurant,"40.69201521836609, -73.90614938591928","https://www.google.com/maps/place/Bushwick+Taco+Company/@40.6920503,-73.906653,20z/data=!4m10!1m2!2m1!1srestaurant!3m6!1s0x89c25c3b83ab0031:0x7b8451f00e73173!8m2!3d40.6920503!4d-73.9061058!15sCgpyZXN0YXVyYW50WgwiCnJlc3RhdXJhbnSSARJtZXhpY2FuX3Jlc3RhdXJhbnTgAQA!16s%2Fg%2F11g9qfv5bx?entry=ttu&g_ep=EgoyMDI1MDIxOS4xIKXMDSoASAFQAw%3D%3D","A late-night taco craving turned into a full-blown obsession—massive portions, smoky birria, and pineapple-loaded al pastor. Sometimes inconsistent, but when they get it right, it’s unforgettable.",23.0,1.0,1627263273.0,742151361.0,39.865669,-74.2588636,82.379,638.691,78.4,5.3,2.0,0.001229057,392.4939563,LateNight,BigPortions,Fresh,Tacos,Delivery,Flavorful,Casual
34,"C&B Luncheonette
",Restaurant,"40.69627720153124, -73.90497255102358","https://www.google.com/maps/place/C%26B+Luncheonette/@40.696265,-73.9071237,18z/data=!4m10!1m2!2m1!1srestaurant!3m6!1s0x89c25c24ecc04e4b:0x6bacd0f36d57c2d6!8m2!3d40.696265!4d-73.904935!15sCgpyZXN0YXVyYW50WgwiCnJlc3RhdXJhbnSSARRicmVha2Zhc3RfcmVzdGF1cmFudOABAA!16s%2Fg%2F1tdfjly6?entry=ttu&g_ep=EgoyMDI1MDIxOS4xIKXMDSoASAFQAw%3D%3D","A family-run spot where the owner remembers your usual, the scallion pancake breakfast sandwich is a must, and the backyard mural makes morning coffee feel like a little escape.",15.0,1.0,602918746.0,35387155.0,40.9596985,-74.0747272,118.714,953.243,82.6,5.2,31.0,0.051416547,1581.047208,Breakfast,Neighborhood,ScallionPancake,Friendly,Backyard,Coffee,Affordable
4,"Café Pri
",Cafe,"40.69026228112109, -73.90611257415834","https://www.google.com/maps/place/Caf%C3%A9+Pri/@40.6909863,-73.913612,16z/data=!4m10!1m2!2m1!1scafe!3m6!1s0x89c25d58fc28d617:0x52dfab506d77d7e4!8m2!3d40.6898524!4d-73.9061894!15sCgRjYWZlWgYiBGNhZmWSAQtjb2ZmZWVfc2hvcOABAA!16s%2Fg%2F11j6__x8dr?entry=ttu&g_ep=EgoyMDI1MDIxOS4xIKXMDSoASAFQAw%3D%3D","A cute café with a heartfelt touch, serving Filipino brunch favorites like Tapsilog and ube lattes. Thoughtful details, from warm decor to pop-punk playlists, make every visit feel extra special.",40.0,1.0,1627263273.0,742151361.0,39.865669,-74.2588636,82.379,638.691,78.4,5.3,2.0,0.001229057,392.4939563,Cafe,Brunch,Filipino,UbeLatte,Waffles,Cute,Thoughtful
9,"Cafe Rum
",Cafe,"40.69521551463944, -73.90299466416454","https://www.google.com/maps/place/Cafe+Rum/@40.694882,-73.9120605,16z/data=!4m10!1m2!2m1!1scafe!3m6!1s0x89c25c2525e62ecd:0x4cd59f18933ff6ec!8m2!3d40.694882!4d-73.9033058!15sCgRjYWZlWgYiBGNhZmWSAQ1iYXJfYW5kX2dyaWxs4AEA!16s%2Fg%2F11fj85_gj3?entry=ttu&g_ep=EgoyMDI1MDIxOS4xIKXMDSoASAFQAw%3D%3D","A vibrant spot with live music, mojitos made with fresh fruit, and Latin flavors like chorizo sandwiches and churrasco. Perfect for a lively dinner or weekend drinks, though prices can be steep.",15.0,0.0,326552231.0,8653266.0,40.7874003,-74.2462919,73.785,853.374,79.3,8.2,39.0,0.119429593,2613.284856,LatinFood,Dinner,Mojitos,LiveMusic,Vibrant,Drinks,Lively
6,"Caffeine Underground
",Cafe,"40.69249125789117, -73.91445960823495","https://www.google.com/maps/place/Caffeine+Underground/@40.6909863,-73.913612,16z/data=!4m10!1m2!2m1!1scafe!3m6!1s0x89c25c1642645357:0x4372afc9b23b4e4!8m2!3d40.6922073!4d-73.9145113!15sCgRjYWZlWgYiBGNhZmWSAQtjb2ZmZWVfc2hvcOABAA!16s%2Fg%2F11f03_672y?entry=ttu&g_ep=EgoyMDI1MDIxOS4xIKXMDSoASAFQAw%3D%3D","A quirky, art-filled café with a DIY charm, known for late-night hours, open mics, and community events. A go-to for creatives, though the space can feel cluttered and coffee quality is hit-or-miss.",35.0,1.0,1627263273.0,742151361.0,39.865669,-74.2588636,82.379,638.691,78.4,5.3,2.0,0.001229057,392.4939563,Cafe,LateNight,Events,CreativeSpace,OpenMic,Artsy,Casual
46,"Chen Yuan
",Restaurant,"40.69425634586845, -73.91053127057698","https://www.google.com/maps/place/Chen+Yuan/@40.6942294,-73.9110778,20z/data=!4m10!1m2!2m1!1srestaurant!3m6!1s0x89c25c3d3db8cefb:0x84c7658b2ae3b1b9!8m2!3d40.6942294!4d-73.9105306!15sCgpyZXN0YXVyYW50WgwiCnJlc3RhdXJhbnSSARJjaGluZXNlX3Jlc3RhdXJhbnTgAQA!16s%2Fg%2F11b5wdh8bc?entry=ttu&g_ep=EgoyMDI1MDIxOS4xIKXMDSoASAFQAw%3D%3D","Big portions, fast service, and a husband-and-wife team who make you feel at home—order the General Tso’s tofu and grab a side of their dope chili oil.",160.0,1.0,781832071.0,7993022.0,40.5655273,-74.6199378,131.948,344.978,84.6,4.7,11.0,0.014069517,441.2430914,Takeout,Chinese,Fast,Generous,Family,Spicy,Neighborhood
14,"Cholita
",Cafe,"a40.701840411283975, -73.90329009359586","http://www.google.com/maps/place/Cholita/@40.7003682,-73.9070988,16z/data=!4m10!1m2!2m1!1scafe!3m6!1s0x89c25db634ff0b05:0xccaa0ddbe29a940d!8m2!3d40.7014602!4d-73.9032546!15sCgRjYWZlWgYiBGNhZmWSAQtjb2ZmZWVfc2hvcOABAA!16s%2Fg%2F11kpd4d192?entry=ttu&g_ep=EgoyMDI1MDIxOS4xIKXMDSoASAFQAw%3D%3D","A sleek, minimalist café celebrating Ecuadorian culture with unique drinks like the Raíces and Cocada. Known for quality coffee, rotating art displays, and a welcoming space for locals and visitors alike.",60.0,1.0,573324566.0,15689888.0,39.8024071,-74.9612493,82.005,522.581,80.2,6.9,20.0,0.034884254,911.4924268,Cafe,Coffee,Ecuadorian,Minimalist,ArtSpace,SpecialtyDrinks,Quality
86,"City Fresh Market - Bushwick

",Market,"40.70310918551485, -73.92551955927458","https://www.google.com/maps/place/City+Fresh+Market+-+Bushwick/@40.7026128,-73.9282456,17.44z/data=!4m10!1m2!2m1!1smarket!3m6!1s0x89c25c035cd97b47:0xad9366c6ad4c73!8m2!3d40.7029747!4d-73.9255093!15sCgZtYXJrZXRaCCIGbWFya2V0kgENZ3JvY2VyeV9zdG9yZeABAA!16s%2Fg%2F1thtqhzf?entry=ttu&g_ep=EgoyMDI1MDIxOS4xIKXMDSoASAFQAw%3D%3D"," ""I always leave with something unexpected—but the prices make me wince at checkout."" A late-night haven with vibrant produce, rare finds, and a beer aisle worth browsing.",,,,,,,,,,,,,,24HourMarket,FreshProduce,GourmetSelection,Pricey,GreatBeerSelection,NicheItems,LateNightStaple
68,"Cozy Corner
",Bar,"40.70172412506655, -73.89884629818816","https://www.google.com/maps/place/Cozy+Corner/@40.7017226,-73.8993593,20z/data=!4m10!1m2!2m1!1sbar!3m6!1s0x89c2588a89bb6163:0x4775c11e3980845!8m2!3d40.7017226!4d-73.8988121!15sCgNiYXJaBSIDYmFykgEKcmVzdGF1cmFudOABAA!16s%2Fg%2F1262h7wn4?entry=ttu&g_ep=EgoyMDI1MDIxOS4xIKXMDSoASAFQAw%3D%3D","The place is a mix of nostalgia and frustration, where a free pizza with your drink might be the best deal in town—or a disappointing reminder of what once was.",,,,,,,,,,,,,,LocalSpot,MixedExperiences,NeighborhoodVibes,InconsistentService,FreePizza,GreatAtmosphere,HitOrMiss
32,"Crown Fried Chicken
",Restaurant,"40.695295845644615, -73.92049214672573","https://www.google.com/maps/place/Crown+Fried+Chicken/@40.6952084,-73.9226728,18z/data=!4m10!1m2!2m1!1srestaurant!3m6!1s0x89c25c1264e6a1f7:0xdbb70351bab15da8!8m2!3d40.6952084!4d-73.9204841!15sCgpyZXN0YXVyYW50WgwiCnJlc3RhdXJhbnSSARJjaGlja2VuX3Jlc3RhdXJhbnTgAQA!16s%2Fg%2F1ptyj33bf?entry=ttu&g_ep=EgoyMDI1MDIxOS4xIKXMDSoASAFQAw%3D%3D","A true late-night classic—fried chicken, pizza, and milkshakes under one roof, with generous portions and a no-nonsense vibe that keeps the neighborhood coming back.",177.0,1.0,781832071.0,7993022.0,40.5655273,-74.6199378,131.948,344.978,84.6,4.7,11.0,0.014069517,441.2430914,LateNight,Chicken,Pizza,Fast,Affordable,Takeout,Classic
82,Cypress Food Market,Market,"40.696569050713165, -73.89980864927355","https://www.google.com/maps/place/Cypress+Food+Market/@40.6964267,-73.9042236,17z/data=!4m10!1m2!2m1!1smarket!3m6!1s0x89c25c2f77e4add9:0x34c1e9e539a36e23!8m2!3d40.6964267!4d-73.8998462!15sCgZtYXJrZXRaCCIGbWFya2V0kgENZ3JvY2VyeV9zdG9yZZoBI0NoWkRTVWhOTUc5blMwVkpRMEZuU1VSb2JqWXlNMEozRUFF4AEA-gEECBQQGA!16s%2Fg%2F1tkp5x9x?entry=ttu&g_ep=EgoyMDI1MDIxOS4xIKXMDSoASAFQAw%3D%3D","A beloved neighborhood bodega where Dominican flavors shine, but inconsistent service, pricing concerns, and questionable food safety make every visit a gamble between nostalgia and regret.",,,,,,,,,,,,,,DominicanFood,NeighborhoodSpot,InconsistentService,AffordableEats,HitOrMiss,FriendlyStaff,FoodSafetyConcerns
55,"Doublé
",Bar,"40.69483331987534, -73.9062070646159","https://www.google.com/maps/place/Doubl%C3%A9/@40.6943777,-73.9052121,17z/data=!4m10!1m2!2m1!1sbar!3m6!1s0x89c25d5d43a2d6a5:0x628f2b86b5e5b52d!8m2!3d40.6946991!4d-73.9062017!15sCgNiYXJaBSIDYmFykgEDYmFy4AEA!16s%2Fg%2F11t7csvcck?entry=ttu&g_ep=EgoyMDI1MDIxOS4xIKXMDSoASAFQAw%3D%3D","A lively neighborhood bar where warm lighting, live jazz nights, and oversized cocktails set the perfect scene for a memorable night out, with friendly bartenders and a cozy, stylish interior.",70.0,1.0,800946846.0,35297517.0,40.4396214,-74.4074303,105.206,860.147,81.0,5.8,10.0,0.012485223,1073.912713,LiveMusic,GreatVibes,CozyAmbiance,StylishInterior,FriendlyStaff,SignatureDrinks,NeighborhoodGem
22,"Dweebs
",Cafe,"40.70071054636894, -73.92276190694473","https://www.google.com/maps/place/Dweebs/@40.700495,-73.9271554,17z/data=!4m11!1m3!2m2!1scafe!6e5!3m6!1s0x89c25c1b163fbbf1:0x122fdbf5d767b8f5!8m2!3d40.700495!4d-73.922778!15sCgRjYWZlWgYiBGNhZmWSAQtjb2ZmZWVfc2hvcOABAA!16s%2Fg%2F11bw61kqdc?entry=ttu&g_ep=EgoyMDI1MDIxOS4xIKXMDSoASAFQAw%3D%3D","A cozy spot where Star Trek plays in the background, the grilled cheese is legendary, and the baristas might hand you a cup of berries just because. Good coffee, better vibes.",41.0,1.0,602918746.0,35387155.0,40.9596985,-74.0747272,118.714,953.243,82.6,5.2,31.0,0.051416547,1581.047208,Coffee,Chill,GrilledCheese,Espresso,Vinyl,Vibes,Work
48,"Fazio's
",Restaurant,"40.69451477847811, -73.91031098836808","https://www.google.com/maps/place/Fazio's/@40.6944919,-73.9108602,20z/data=!4m11!1m3!2m2!1srestaurant!6e5!3m6!1s0x89c25c3d3b383c29:0x3c812d2fc49c9184!8m2!3d40.6944919!4d-73.910313!15sCgpyZXN0YXVyYW50WgwiCnJlc3RhdXJhbnSSARBwaXp6YV9yZXN0YXVyYW504AEA!16s%2Fg%2F11c5sy4dvj?entry=ttu&g_ep=EgoyMDI1MDIxOS4xIKXMDSoASAFQAw%3D%3D","Stepping into Fazio’s feels like walking into a neighborhood time capsule, where the scent of bubbling Sicilian slices and laughter of regulars fill the air, and the first bite takes you home.",130.0,1.0,482081967.0,31997851.0,41.0366554,-74.2994078,84.465,519.986,81.1,7.7,9.0,0.018669024,1078.625702,SicilianTradition,NeighborhoodStaple,AuthenticFlavors,LocalsLoveIt,OldSchoolVibes,WarmWelcome,PizzaWithSoul
61,"Filthy Diamond
",Bar,"40.69495674867167, -73.91126394974961","https://www.google.com/maps/place/Filthy+Diamond/@40.6949659,-73.9122979,19z/data=!4m10!1m2!2m1!1sbar!3m6!1s0x89c25de8797a3329:0xb9c3af820e475a49!8m2!3d40.6949659!4d-73.9112036!15sCgNiYXJaBSIDYmFykgEDYmFy4AEA!16s%2Fg%2F11txgvq3pd?entry=ttu&g_ep=EgoyMDI1MDIxOS4xIKXMDSoASAFQAw%3D%3D","The DJ was spinning deep-cut R&B classics, and suddenly the whole bar felt like an intimate dance floor—strangers swaying, heads nodding, and someone in the back quietly singing along.",,,,,,,,,,,,,,R&BVibes,VinylNights,BrooklynGroove,DancingInTheDark,MusicThatMoves,GoodEnergy,LateNightFeels
39,"Fire House Deli & Grill 2
",Restaurant,"40.68897551950303, -73.90529828105848","https://www.google.com/maps/place/Fire+House+Deli+%26+Grill+2/@40.6894677,-73.9107432,17z/data=!4m10!1m2!2m1!1srestaurant!3m6!1s0x89c25de9aac9f4b1:0x97c45f75b83ea2b5!8m2!3d40.6888436!4d-73.9052793!15sCgpyZXN0YXVyYW50WgwiCnJlc3RhdXJhbnSSAQRkZWxp4AEA!16s%2Fg%2F11v5bbjktz?entry=ttu&g_ep=EgoyMDI1MDIxOS4xIKXMDSoASAFQAw%3D%3D","A 24-hour deli with the friendliest staff, a legendary chopped cheese, and a spicy bodega cat guarding the snacks. Jackie at the register might just change your life.",1028.0,0.0,1194048303.0,53103740.0,40.8588961,-74.5472917,130.808,508.816,83.9,5.1,19.0,0.015912254,426.1268147,Deli,ChoppedCheese,24Hours,Coffee,BodegaCat,Friendly,Stocked
87,"FOOD BAZAAR
",Market,"40.69852885888105, -73.90922633296687","https://www.google.com/maps/place/FOOD+BAZAAR/@40.6923711,-73.9105031,16z/data=!4m10!1m2!2m1!1sstore!3m6!1s0x89c25db1ce9d7c93:0x732ed39fb65d16c2!8m2!3d40.6982548!4d-73.9094349!15sCgVzdG9yZVoHIgVzdG9yZZIBC3N1cGVybWFya2V04AEA!16s%2Fg%2F11qh82rxc1?entry=ttu&g_ep=EgoyMDI1MDIxOS4xIKXMDSoASAFQAw%3D%3D","The music is too loud, the bread sits dangerously close to the restroom, but at 2 AM, when you need fresh vegetables or imported spices, there’s nowhere else like it.",,,,,,,,,,,,,,24HrConvenience,CulturalBazaar,NeighborhoodEssential,LateNightShopping,TooLoudMusic,HiddenGems,NeedsImprovement
81,"Food Story Natural Market
",Market,"40.699574480120305, -73.91160628817693","https://www.google.com/maps/place/Food+Story+Natural+Market/@40.6967397,-73.911794,17z/data=!4m10!1m2!2m1!1smarket!3m6!1s0x89c25d27e21f2d61:0xfee4fe8ce03b428d!8m2!3d40.6993996!4d-73.911593!15sCgZtYXJrZXRaCCIGbWFya2V0kgENZ3JvY2VyeV9zdG9yZeABAA!16s%2Fg%2F11f6y8wcwr?entry=ttu&g_ep=EgoyMDI1MDIxOS4xIKXMDSoASAFQAw%3D%3D","A 24-hour haven for organic finds, overpriced produce, and the occasional spoiled surprise—stay for the vegan cheese, leave when you spot a rat near the salad bar.",,,,,,,,,,,,,,LateNightGroceries,OverpricedOrganic,HiddenGems,SpoiledSurprises,VeganOptions,NeighborhoodStaple,FoodSafetyConcerns
85,"Forest Mini Market
",Market,"40.69096196521148, -73.90850756626628","https://www.google.com/maps/place/Forest+Mini+Market/@40.6943013,-73.9145533,17z/data=!4m10!1m2!2m1!1smarket!3m6!1s0x89c25d59b60cf595:0x21aa38aba62e3b7f!8m2!3d40.6907983!4d-73.9085501!15sCgZtYXJrZXRaCCIGbWFya2V0kgESb3JnYW5pY19mb29kX3N0b3Jl4AEA!16s%2Fg%2F11fl42qhxr?entry=ttu&g_ep=EgoyMDI1MDIxOS4xIKXMDSoASAFQAw%3D%3D","""A family-run gem with gourmet finds, a top-notch deli, and the friendliest staff—just don’t expect them to open on time in the morning!""",,,,,,,,,,,,,,NeighborhoodFavorite,GourmetFinds,OrganicMarket,FamilyOwned,TopDeli,FriendlyService,FreshProduce
12,"General Irving
",Cafe,"40.692104029931194, -73.90923579813989","https://www.google.com/maps/place/General+Irving/@40.688549,-73.9220138,16z/data=!4m10!1m2!2m1!1scafe!3m6!1s0x89c25db65a7951b7:0x1b82a6f8c20a9676!8m2!3d40.6917025!4d-73.9091962!15sCgRjYWZlWgYiBGNhZmWSAQtjb2ZmZWVfc2hvcOABAA!16s%2Fg%2F11qpkbj3qj?entry=ttu&g_ep=EgoyMDI1MDIxOS4xIKXMDSoASAFQAw%3D%3D","A bright spot near the park, blending a café and market with gourmet sandwiches, house-made pantry staples, and creative drinks like tonic cold brew. A go-to for quality coffee and specialty goods.",130.0,0.0,326552231.0,8653266.0,40.7874003,-74.2462919,73.785,853.374,79.3,8.2,39.0,0.119429593,2613.284856,Cafe,GourmetSandwiches,Coffee,Market,CreativeDrinks,SunlitSpace,ParkView
40,"Golden Thai
",Restaurant,"40.69569177295956, -73.90799636451683","https://www.google.com/maps/place/Golden+Thai/@40.695645,-73.9101797,18z/data=!4m10!1m2!2m1!1srestaurant!3m6!1s0x89c25c2347e41b15:0xd4bd46995bb0af78!8m2!3d40.695645!4d-73.907991!15sCgpyZXN0YXVyYW50WgwiCnJlc3RhdXJhbnSSAQpyZXN0YXVyYW504AEA!16s%2Fg%2F11fz9t7x7q?entry=ttu&g_ep=EgoyMDI1MDIxOS4xIKXMDSoASAFQAw%3D%3D","A tiny space packed with bold Thai flavors—drunken noodles, fragrant curries, and crispy ribs that keep regulars coming back. Friendly staff, fast takeout, and the spice levels are no joke.",150.0,0.0,1194048303.0,53103740.0,40.8588961,-74.5472917,130.808,508.816,83.9,5.1,19.0,0.015912254,426.1268147,Thai,DrunkenNoodles,Curry,Takeout,Spicy,SmallButMighty,Authentic
74,"H0L0
",Venue,"40.694550733025224, -73.90214571072121","https://www.google.com/maps/place/H0L0/@40.694527,-73.9095872,16.78z/data=!4m10!1m3!2m2!1sbar!6e5!3m5!1s0x89c25c25366f077b:0x3d04555d34846937!8m2!3d40.6943165!4d-73.9021664!16s%2Fg%2F11g8_671my?entry=ttu&g_ep=EgoyMDI1MDIxOS4xIKXMDSoASAFQAw%3D%3D","An intimate underground venue where the bass hits deep, the crowd moves till sunrise, and the sound system either makes or breaks the night. Just wish water wasn’t $5 a bottle.",,,,,,,,,,,,,,UndergroundVibes,BrooklynRaves,GreatSound,NoFreeWater,LateNightEnergy,DJCulture,NeedsBetterVentilation
90,"Halsey St
",Station,"40.69568710820558, -73.90414529886752","https://www.google.com/maps/place/Halsey+St/@40.6954759,-73.9045476,18.56z/data=!4m6!3m5!1s0x89c25c24ddc21f17:0x3deff84c024da3be!8m2!3d40.695625!4d-73.904137!16s%2Fg%2F1q5bny_df?entry=ttu&g_ep=EgoyMDI1MDIxOS4xIKXMDSoASAFQAw%3D%3D","""A cleaner-than-most subway stop where the L train arrives reliably, vintage mosaics add charm, but cold drafts and the occasional rat remind you it’s still NYC transit.""
",,,,,,,,,,,,,,LTrainLife,MTAReality,SubwayAesthetics,CleanForNYC,ColdDrafts,VintageMosaics,AlmostFiveStars
16,"HEADREST COFFEE
",Cafe,"40.70014396497191, -73.91590971388946","https://www.google.com/maps/place/HEADREST+COFFEE/@40.6996966,-73.9246966,16z/data=!4m10!1m2!2m1!1scafe!3m6!1s0x89c25df80364d247:0x52ae870102648de5!8m2!3d40.6996966!4d-73.9159419!15sCgRjYWZlWgYiBGNhZmWSAQtjb2ZmZWVfc2hvcOABAA!16s%2Fg%2F11fwj2bs3w?entry=ttu&g_ep=EgoyMDI1MDIxOS4xIKXMDSoASAFQAw%3D%3D","A plant-filled café with meticulously crafted espresso, housemade croissants, and a seasonal drink menu that keeps regulars coming back. The vegan donuts surprise even non-vegans, and the baristas take their time to perfect every cup.",320.0,1.0,602918746.0,35387155.0,40.9596985,-74.0747272,118.714,953.243,82.6,5.2,31.0,0.051416547,1581.047208,Plants,HousemadeCroissants,SeasonalDrinks,VeganDonuts,Matcha,Espresso,Bushwick
47,"Hong Kong Expres
",Restaurant,"31a40.69614568927326, -73.904631408608","https://www.google.com/maps/place/Hong+Kong+Express/@40.6961645,-73.9052289,20z/data=!4m11!1m3!2m2!1srestaurant!6e5!3m6!1s0x89c25c24ee98e603:0x1ad7cde3284eb058!8m2!3d40.6961645!4d-73.9046817!15sCgpyZXN0YXVyYW50WgwiCnJlc3RhdXJhbnSSARJjaGluZXNlX3Jlc3RhdXJhbnTgAQA!16s%2Fg%2F1tgkj65t?entry=ttu&g_ep=EgoyMDI1MDIxOS4xIKXMDSoASAFQAw%3D%3D","The boneless spare ribs keep people coming back.General Tso’s is sweet, shrimp and broccoli requests might get you an eye-roll. Love it or hate it, the lady at the counter is unforgettable.",294.0,1.0,482081967.0,31997851.0,41.0366554,-74.2994078,84.465,519.986,81.1,7.7,9.0,0.018669024,1078.625702,Takeout,ChineseFood,SesameChicken,CrispyWings,CashOnly,NeighborhoodSpot,BigPortions
11,"House Party Cafe & Lounge
",Cafe,"40.68888254633978, -73.91623099909731","https://www.google.com/maps/place/House+Party+Cafe+%26+Lounge/@40.688549,-73.9256187,16z/data=!4m10!1m2!2m1!1scafe!3m6!1s0x89c25c14f4aa611b:0x446dd8660d9d8810!8m2!3d40.688549!4d-73.916864!15sCgRjYWZlWgYiBGNhZmWSAQRjYWZl4AEA!16s%2Fg%2F11cn30yb1d?entry=ttu&g_ep=EgoyMDI1MDIxOS4xIKXMDSoASAFQAw%3D%3D","A vibrant café with standout breakfast sandwiches, Nutella lattes, and a cozy patio. A neighborhood favorite for art shows, live comedy, and a laid-back community atmosphere.",98.7,0.0,1212586195.0,500430336.0,40.2870481,-74.1524456,118.527,643.064,81.9,5.1,14.0,0.011545571,530.3243618,Cafe,BreakfastSandwiches,SpecialtyLattes,CommunityHub,LiveComedy,ArtEvents,Outdoor
26,"IC Brooklyn Cafe
",Cafe,"40.701383006679656, -73.92634859530047","https://www.google.com/maps/place/IC+Brooklyn+Cafe/@40.7012488,-73.9306348,17z/data=!4m11!1m3!2m2!1scafe!6e5!3m6!1s0x89c25c1a5e725d6f:0xcba193a61f377d7f!8m2!3d40.7012488!4d-73.9262574!15sCgRjYWZlWgYiBGNhZmWSAQRjYWZl4AEA!16s%2Fg%2F11c3kq_bhb?entry=ttu&g_ep=EgoyMDI1MDIxOS4xIKXMDSoASAFQAw%3D%3D","The Brooklyn Bagel is a hit, but service can be hit-or-miss. Great for work, Wi-Fi holds up, and smoothies are a lifesaver—just don’t expect a warm welcome every time.",52.0,1.0,326552231.0,8653266.0,40.7874003,-74.2462919,73.785,853.374,79.3,8.2,39.0,0.119429593,2613.284856,Bagel,SmoothieFix,WorkFriendly,WhiteMochaBackyardSeating,,,
37,"Ilegal Taqueria
",Restaurant,"40.68961820074855, -73.90633897810916","https://www.google.com/maps/place/Ilegal+Taqueria/@40.6894677,-73.9107432,17z/data=!4m10!1m2!2m1!1srestaurant!3m6!1s0x89c25d42f2d45891:0x32fa5874d618b23f!8m2!3d40.6894677!4d-73.9063658!15sCgpyZXN0YXVyYW50WgwiCnJlc3RhdXJhbnSSARJtZXhpY2FuX3Jlc3RhdXJhbnTgAQA!16s%2Fg%2F11vb9vxf1m?entry=ttu&g_ep=EgoyMDI1MDIxOS4xIKXMDSoASAFQAw%3D%3D","A late-night craving led to a backyard table, fire pit glowing, a plate of al pastor tacos glistening under string lights. One bite—smoky, sweet, perfection. laughter lingers late into the night.",75.0,0.0,800946846.0,35297517.0,40.4396214,-74.4074303,105.206,860.147,81.0,5.8,10.0,0.012485223,1073.912713,Tacos,AlPastor,HandmadeTortillas,Backyard,FirePit,CozyVibes,FullBar
13,"International Coffee Shop
",Cafe,"40.700799292860985, -73.89831191388947","https://www.google.com/maps/place/International+Coffee+Shop/@40.7003682,-73.9070988,16z/data=!4m10!1m2!2m1!1scafe!3m6!1s0x89c25c28fad487b5:0x8fed3f9a2216d310!8m2!3d40.7003682!4d-73.8983441!15sCgRjYWZlWgYiBGNhZmWSAQRjYWZl4AEA!16s%2Fg%2F1tcvq5kw?entry=ttu&g_ep=EgoyMDI1MDIxOS4xIKXMDSoASAFQAw%3D%3D","A no-frills Dominican diner where the scent of home-cooked food fills the block, and the cook flips tostones with bare hands like a backyard family gathering. Mangu so thick and creamy, it could hold up a fork.",152.0,1.0,573324566.0,15689888.0,39.8024071,-74.9612493,82.005,522.581,80.2,6.9,20.0,0.034884254,911.4924268,Cafe,Breakfast,Dominican,Homestyle,LocalFavorite,Affordable,ComfortFood
71,"Irving Square Park
",Park,"40.69278267489368, -73.90908954259633","https://www.google.com/maps/place/Irving+Square+Park/@40.6932512,-73.9117128,17.47z/data=!4m10!1m3!2m2!1sbar!6e5!3m5!1s0x89c25c3c541bdc33:0xb44e3d9288e3f4e4!8m2!3d40.6926312!4d-73.909092!16s%2Fg%2F1tt0s0zy?entry=ttu&g_ep=EgoyMDI1MDIxOS4xIKXMDSoASAFQAw%3D%3D","""A rare find: a park that welcomes both kids and dogs. Green space, picnics, a play area, and a peaceful vibe—just wish people picked up after their pets more!""",,,,,,,,,,,,,,DogFriendly,FamilyVibes,UrbanGreenery,PlaygroundFun,PicnicPerfect,CommunitySpot,PickUpAfterPets
35,"Itzel's Taqueria Deli
",Restaurant,"40.69794259133658, -73.90773018482311","https://www.google.com/maps/place/Itzel's+Taqueria+Deli/@40.6979088,-73.9117573,17.11z/data=!4m10!1m2!2m1!1srestaurant!3m6!1s0x89c25c04ddec3c01:0xc2552865ded54849!8m2!3d40.6977864!4d-73.9077531!15sCgpyZXN0YXVyYW50WgwiCnJlc3RhdXJhbnSSAQ90YWNvX3Jlc3RhdXJhbnTgAQA!16s%2Fg%2F11fcnwpx8d?entry=ttu&g_ep=EgoyMDI1MDIxOS4xIKXMDSoASAFQAw%3D%3D","A 3 AM tostada, crisp and piled high, hits different when you’re slightly buzzed and starving. Birria burritos are thick and juicy, and the chimichanga meal is pure comfort.",68.0,1.0,1627263273.0,742151361.0,39.865669,-74.2588636,82.379,638.691,78.4,5.3,2.0,0.001229057,392.4939563,Tacos,BirriaBurrito,LateNightEats,CrispyTostadas,AuthenticMexican,Chimichanga,Munchies
42,"Jimmy's Pizza
",Restaurant,"40.69137919272868, -73.90907593748074","https://www.google.com/maps/place/Jimmy's+Pizza/@40.6914158,-73.9101005,19z/data=!4m10!1m2!2m1!1srestaurant!3m6!1s0x89c25c3c364496a3:0x3bd58bdcc94dd6e2!8m2!3d40.6914158!4d-73.9090062!15sCgpyZXN0YXVyYW50WgwiCnJlc3RhdXJhbnSSARBwaXp6YV9yZXN0YXVyYW504AEA!16s%2Fg%2F1tcxkpdc?entry=ttu&g_ep=EgoyMDI1MDIxOS4xIKXMDSoASAFQAw%3D%3D","I stepped into Jimmy’s on a freezing night, craving warmth. Their grandma slice, crispy yet airy, tasted like home—perfect sauce, golden crust, no pretense. Just solid, old-school pizza, holding the neighborhood down.",216.0,0.0,1194048303.0,53103740.0,40.8588961,-74.5472917,130.808,508.816,83.9,5.1,19.0,0.015912254,426.1268147,NYCClassic,GrandmaSliceMagic,NeighborhoodPizza,LateNightEats,ComfortFood,OldSchoolVibes,PerfectSlice
0,"Kafe
",Cafe,"40.69668758678258, -73.90045930889765","https://www.google.com/maps/place/Kafe/@40.6936697,-73.9109628,16z/data=!4m10!1m2!2m1!1scafe!3m6!1s0x89c25d29c505335b:0x3e2fc6997e7017cc!8m2!3d40.6964273!4d-73.9004237!15sCgRjYWZlWgYiBGNhZmWSAQRjYWZl4AEA!16s%2Fg%2F11jz17l26v?entry=ttu&g_ep=EgoyMDI1MDIxOS4xIKXMDSoASAFQAw%3D%3D","A Dominican-inspired brunch spot that turns into a lively party with DJs, karaoke, and board games. Garlic parm wings steal the show, and birthdays feel like a true celebration. ""Fight Night!"" energy on event nights.",201.2,1.0,1212586195.0,500430336.0,40.2870481,-74.1524456,118.527,643.064,81.9,5.1,14.0,0.011545571,530.3243618,Brunch,LateNight,GarlicParmWings,Cocktails,KaraokeNights,Dominican,BoardGames
30,"L'imprimerie
",Cafe,"a40.69931660686885, -73.9128297425269441","https://www.google.com/maps/place/L'imprimerie/@40.6992312,-73.9172286,17z/data=!4m11!1m3!2m2!1scafe!6e5!3m6!1s0x89c25c189ecc32af:0x426da8f7fe953aee!8m2!3d40.6992312!4d-73.9128512!15sCgRjYWZlWgYiBGNhZmWSAQZiYWtlcnngAQA!16s%2Fg%2F11b77fyygv?entry=ttu&g_ep=EgoyMDI1MDIxOS4xIKXMDSoASAFQAw%3D%3D","Biting into their vegan chocolate almond croissant—flaky, rich, unbelievably good—feels like a secret only the lucky know. Regulars swear by the quiche, but the pastries steal the show.",40.0,1.0,923435921.0,15825319.0,40.8534914,-75.0094978,92.62,109.739,81.7,5.5,1.0,0.001082912,118.837699,Vegan,Pastries,Croissant,Bakery,Brooklyn,Quiche,Delicious
41,"La Isla
",Restaurant,"40.69899621830367, -73.91826296998953","https://www.google.com/maps/place/La+Isla/@40.6989769,-73.9193452,19z/data=!4m10!1m2!2m1!1srestaurant!3m6!1s0x89c25c197f93732d:0x147fd0027a5d6def!8m2!3d40.6989769!4d-73.9182509!15sCgpyZXN0YXVyYW50WgwiCnJlc3RhdXJhbnSSARdwdWVydG9fcmljYW5fcmVzdGF1cmFudOABAA!16s%2Fg%2F1tctmqf6?entry=ttu&g_ep=EgoyMDI1MDIxOS4xIKXMDSoASAFQAw%3D%3D","A place of nostalgia and strong opinions—some call it the best Puerto Rican food in Brooklyn, others mourn the past. Late-night mofongo still comforts, but pasteles spark disappointment.",90.0,1.0,1194048303.0,53103740.0,40.8588961,-74.5472917,130.808,508.816,83.9,5.1,19.0,0.015912254,426.1268147,Mofongo,Alcapurrias,SopaDePollo,LateNightEats,PuertoRicanFood,CashOnly,OldSchoolVibes
5,"La Raza Cafe
",Cafe,"40.6946550837179, -73.90272226211695","https://www.google.com/maps/place/La+Raza+Cafe/@40.6909863,-73.913612,16z/data=!4m10!1m2!2m1!1scafe!3m6!1s0x89c25dec70cd6997:0x538ec85916b4741b!8m2!3d40.6943316!4d-73.9028066!15sCgRjYWZlWgYiBGNhZmWSAQtjb2ZmZWVfc2hvcOABAA!16s%2Fg%2F11v9qd4c8q?entry=ttu&g_ep=EgoyMDI1MDIxOS4xIKXMDSoASAFQAw%3D%3D","A no-seating coffee spot with bold brews, tamales on occasion, and a bacon egg and cheese that gets people talking. A morning pitstop with a punch.",34.0,1.0,1627263273.0,742151361.0,39.865669,-74.2588636,82.379,638.691,78.4,5.3,2.0,0.001229057,392.4939563,Cafe,Coffee,TakeoutOnly,LocalFavorite,Tamales,BoldFlavors,MorningStop
19,"Lazy Suzy Cafe & Shop
",Cafe,"40.69965214789529, -73.92545844927358","https://www.google.com/maps/place/Lazy+Suzy+Cafe+%26+Shop/@40.699461,-73.9298734,17z/data=!4m11!1m3!2m2!1scafe!6e5!3m6!1s0x89c25d202a783af3:0x28825b80396dcbd8!8m2!3d40.699461!4d-73.925496!15sCgRjYWZlWgYiBGNhZmWSAQtjb2ZmZWVfc2hvcOABAA!16s%2Fg%2F11h13gm50g?entry=ttu&g_ep=EgoyMDI1MDIxOS4xIKXMDSoASAFQAw%3D%3D","The lavender matcha has a nostalgic, cereal-like sweetness. The spacious setup is perfect for working, with a sunny backyard and friendly baristas who remember regulars by name.",20.0,1.0,581395408.0,11337168.0,40.2825026,-74.703724,92.697,383.732,78.2,6.0,8.0,0.013759999,660.0189728,Matcha,Lavender,Bushwick,Cafe,Workspace,Backyard,Baristas
89,"Los Limones Deli
",Market,"40.694482890213415, -73.90653135877373","https://www.google.com/maps/place/Los+Limones+Deli/@40.6941833,-73.907513,18.58z/data=!4m9!1m2!2m1!1sstore!3m5!1s0x89c25c3b57ab32a1:0x41d59b506e708760!8m2!3d40.6944176!4d-73.9065143!16s%2Fg%2F1262ppkr2?entry=ttu&g_ep=EgoyMDI1MDIxOS4xIKXMDSoASAFQAw%3D%3D","Their ‘Oh Mama I Love You’ sandwich is packed, flavorful, and worth every bite—this bodega never skimps on portions, and despite some chaos, it’s been a Bushwick staple for years.",,,,,,,,,,,,,,Bodega,ChoppedCheese,OhMamaILoveYou,Bushwick,BigPortions,NeighborhoodClassic,NoSkimping
44,"Lugo's Restaurant & Lounge
",Restaurant,"29a40.69645386102041, -73.89995372947253","https://www.google.com/maps/place/Lugo's+Restaurant+%26+Lounge/@40.696432,-73.9005016,20z/data=!4m10!1m2!2m1!1srestaurant!3m6!1s0x89c25c2f77f58335:0xae65ff05c482128e!8m2!3d40.696432!4d-73.8999544!15sCgpyZXN0YXVyYW50WgwiCnJlc3RhdXJhbnSSAQpyZXN0YXVyYW504AEA!16s%2Fg%2F1tc_0fgv?entry=ttu&g_ep=EgoyMDI1MDIxOS4xIKXMDSoASAFQAw%3D%3D","“I’ve celebrated birthdays here, and it always feels like home.”  The pernil melts in your mouth, but it’s the warm, family-like atmosphere that keeps regulars coming back.",105.0,1.0,1627263273.0,742151361.0,39.865669,-74.2588636,82.379,638.691,78.4,5.3,2.0,0.001229057,392.4939563,DominicanFood,Pernil,FamilyVibes,Bushwick,LocalFavorite,ComfortFood,CelebrationSpot
64,"Merv’s Bar
",Bar,"40.699685853412525, -73.9158480988251","https://www.google.com/maps/place/Merv%E2%80%99s+Bar/@40.6996401,-73.9169196,19z/data=!4m10!1m2!2m1!1sbar!3m6!1s0x89c25c19195dade7:0x9387499a8d3c1cb5!8m2!3d40.6996401!4d-73.9158253!15sCgNiYXJaBSIDYmFykgEDYmFy4AEA!16s%2Fg%2F11cn2k5k3j?entry=ttu&g_ep=EgoyMDI1MDIxOS4xIKXMDSoASAFQAw%3D%3D","A cozy café with rich coffee, warm service, and a welcoming space perfect for a relaxed breakfast. A neighborhood favorite that hits the spot every time.",,,,,,,,,,,,,,Cafe,Coffee,Breakfast,CozyVibes,Affordable,LocalFavorite,WarmService
10,"Merv’s Cafe
",Cafe,"40.69996489086329, -73.91576865621832","https://www.google.com/maps/place/Merv%E2%80%99s+Cafe/@40.6996314,-73.924577,16z/data=!4m10!1m2!2m1!1scafe!3m6!1s0x89c25d3d8af52431:0xf36824a20194e780!8m2!3d40.6996314!4d-73.9158223!15sCgRjYWZlWgYiBGNhZmWSAQRjYWZl4AEA!16s%2Fg%2F11w_plr7hk?entry=ttu&g_ep=EgoyMDI1MDIxOS4xIKXMDSoASAFQAw%3D%3D","The smell of rich espresso lingers as Carlos greets guests like old friends. A warm nook for quiet mornings, where a perfectly brewed coffee and a hearty breakfast feel like a small luxury.",365.0,1.0,326552231.0,8653266.0,40.7874003,-74.2462919,73.785,853.374,79.3,8.2,39.0,0.119429593,2613.284856,Coffee,CozyCorner,FriendlyService,new,MorningVibes,TastyFood,BushwickEats
28,"Milk & Pull
",Cafe,"40.70198414120344, -73.90622389345144","https://www.google.com/maps/place/Milk+%26+Pull/@40.701793,-73.9105852,17z/data=!4m11!1m3!2m2!1scafe!6e5!3m6!1s0x89c25c26d1048a55:0x65d9de3e94fc48d7!8m2!3d40.701793!4d-73.9062078!15sCgRjYWZlWgYiBGNhZmWSAQtjb2ZmZWVfc2hvcOABAA!16s%2Fg%2F11bcdhwnd8?entry=ttu&g_ep=EgoyMDI1MDIxOS4xIKXMDSoASAFQAw%3D%3D","A bright, open café where regulars linger over dry cappuccinos and legendary blueberry muffins. Staff make it feel like home—some might even order your favorite treat just for you.",135.0,0.0,800946846.0,35297517.0,40.4396214,-74.4074303,105.206,860.147,81.0,5.8,10.0,0.012485223,1073.912713,Cafe,BrightSpace,DryCappuccino,BlueberryMuffins,GoodForWork,Bagels,NeighborhoodSpot
18,"Mixtape Bushwick
",Cafe,"40.69966406424849, -73.9139892523217","https://www.google.com/maps/place/Mixtape+Bushwick/@40.6990825,-73.9228566,17z/data=!4m10!1m2!2m1!1scafe!3m6!1s0x89c25c18eb3c33f7:0x9d99679b1a7ac636!8m2!3d40.6994968!4d-73.9139865!15sCgRjYWZlWgYiBGNhZmWSAQxlc3ByZXNzb19iYXLgAQA!16s%2Fg%2F11bw2_bht6?entry=ttu&g_ep=EgoyMDI1MDIxOS4xIKXMDSoASAFQAw%3D%3D","A tiny walk-up café with Brooklyn-roasted beans, Vietnamese iced coffee, and bagel sandwiches with sprouts and house-made sauces. The street-side counter turns coffee runs into quick chats with neighbors.",45.0,0.0,573324566.0,15689888.0,39.8024071,-74.9612493,82.005,522.581,80.2,6.9,20.0,0.034884254,911.4924268,Cafe,ColdBrew,Bagels,WalkUpWindow,VietnameseCoffee,NeighborhoodSpot,StreetVibes
80,"Most Holy Trinity Cemetery
",Park,"40.68874579621028, -73.90280132867898","https://www.google.com/maps/place/Most+Holy+Trinity+Cemetery/@40.6900321,-73.9077974,16.47z/data=!4m9!1m2!2m1!1smuusic+venue!3m5!1s0x89c25c398f87853d:0x3f316265624daf2f!8m2!3d40.6885547!4d-73.9027525!16s%2Fg%2F1tgz6d83?entry=ttu&g_ep=EgoyMDI1MDIxOS4xIKXMDSoASAFQAw%3D%3D","A forgotten cemetery tucked under the L train—peaceful yet eerie, with razor wire, locked gates, and whispers of a dark past. A quiet walk, but don’t get trapped inside.",,,,,,,,,,,,,,Cemetery,Historic,UnderTheLTrain,EerieVibes,QuietEscape,LockedGates,ForgottenHistory
59,"Myrtle Pub
",Bar,"40.70063093826771, -73.9040421560202","https://www.google.com/maps/place/Myrtle+Pub/@40.7005496,-73.9084732,17z/data=!4m10!1m2!2m1!1sbar!3m6!1s0x89c25d2a59c02785:0xf0245bb3770d84bf!8m2!3d40.7005496!4d-73.9040958!15sCgNiYXJaBSIDYmFykgEDYmFy4AEA!16s%2Fg%2F11k79zhhbk?entry=ttu&g_ep=EgoyMDI1MDIxOS4xIKXMDSoASAFQAw%3D%3D","A Ridgewood staple with 2-for-1 happy hour, free hot dogs, and spicy hibiscus margaritas—come for the cheap drinks, stay for the unfiltered dive bar charm and local chaos.",27.3,1.0,923435921.0,15825319.0,40.8534914,-75.0094978,92.62,109.739,81.7,5.5,1.0,0.001082912,118.837699,HappyHour,DiveBar,CheapDrinks,FreeHotDogs,SpicyHibiscusMargarita,NeighborhoodSpot,Ridgewood
83,"Natural Farm Market
",Market,"40.69286962819322, -73.91202090694473","https://www.google.com/maps/place/Natural+Farm+Market/@40.692711,-73.9164144,17z/data=!4m10!1m2!2m1!1smarket!3m6!1s0x89c25c3d867e2a97:0x9d817b2ddc0dfbf4!8m2!3d40.692711!4d-73.912037!15sCgZtYXJrZXRaCCIGbWFya2V0kgEEZGVsaeABAA!16s%2Fg%2F11ckxwmnlz?entry=ttu&g_ep=EgoyMDI1MDIxOS4xIKXMDSoASAFQAw%3D%3D",A bustling corner shop where the Ranchero sandwich on a biscuit has a cult following. A regular’s “signature order” even includes cream cheese and jam. Expect long waits—but it’s worth it.,,,,,,,,,,,,,,BreakfastSandwiches,Biscuits,Coffee,LocalFavorite,BusyButWorthIt,OutdoorSeating,Pastries
50,"New Texas Chicken and Grill
",Restaurant,"40.68953253088134, -73.90582295830812","https://www.google.com/maps/place/New+Texas+Chicken+and+Grill/@40.6895066,-73.9063601,20z/data=!4m11!1m3!2m2!1srestaurant!6e5!3m6!1s0x89c25c39584e1f4d:0xc24021fd402a08cb!8m2!3d40.6895066!4d-73.9058129!15sCgpyZXN0YXVyYW50WgwiCnJlc3RhdXJhbnSSARRmYXN0X2Zvb2RfcmVzdGF1cmFudOABAA!16s%2Fg%2F1tvdkqg1?entry=ttu&g_ep=EgoyMDI1MDIxOS4xIKXMDSoASAFQAw%3D%3D","A neighborhood staple with crispy fried chicken that rivals the big chains, a Philly cheesesteak locals swear by, and home-run spicy chicken that keeps regulars coming back. Quick service, fair prices, and friendly banter at the counter.",40.0,0.0,800946846.0,35297517.0,40.4396214,-74.4074303,105.206,860.147,81.0,5.8,10.0,0.012485223,1073.912713,FriedChicken,SpicyChicken,PhillyCheesesteak,NeighborhoodStaple,CrispyTexture,FastService,GoodPortions
49,"Nhà Mình
",Restaurant,"40.6969973104916, -73.90626311168143","https://www.google.com/maps/place/Nh%C3%A0+M%C3%ACnh/@40.6969785,-73.9068083,20z/data=!4m11!1m3!2m2!1srestaurant!6e5!3m6!1s0x89c2594d06767fc9:0xd20116ba5e83f4c0!8m2!3d40.6969785!4d-73.9062611!15sCgpyZXN0YXVyYW50WgwiCnJlc3RhdXJhbnSSARV2aWV0bmFtZXNlX3Jlc3RhdXJhbnTgAQA!16s%2Fg%2F11b7gyhq7w?entry=ttu&g_ep=EgoyMDI1MDIxOS4xIKXMDSoASAFQAw%3D%3D","A funky Vietnamese café where housemade sauces steal the show. It is the place someone walked 20 minutes in freezing weather for a seitan banh mi—worth it. Vibrant decor, cozy vibes, and top-tier vegetarian options.",21.0,0.0,800946846.0,35297517.0,40.4396214,-74.4074303,105.206,860.147,81.0,5.8,10.0,0.012485223,1073.912713,VietnameseFood,BanhMi,Pho,HousemadeSauces,VegetarianFriendly,CozyVibes,ArtsyDecor
21,"Norma's Corner Shoppe
",Cafe,"40.70248657252655, -73.90077157810916","https://www.google.com/maps/place/Norma's+Corner+Shoppe/@40.7023117,-73.9051758,17z/data=!4m11!1m3!2m2!1scafe!6e5!3m6!1s0x89c25c27d897f43d:0xd86d2a9e1318c9df!8m2!3d40.7023117!4d-73.9007984!15sCgRjYWZlWgYiBGNhZmWSAQtjb2ZmZWVfc2hvcOABAA!16s%2Fg%2F11cfc69dc?entry=ttu&g_ep=EgoyMDI1MDIxOS4xIKXMDSoASAFQAw%3D%3D",A bustling corner shop where the Ranchero sandwich on a biscuit has a cult following. A regular’s “signature order” even includes cream cheese and jam. Expect long waits—but it’s worth it.,22.0,0.0,602918746.0,35387155.0,40.9596985,-74.0747272,118.714,953.243,82.6,5.2,31.0,0.051416547,1581.047208,BreakfastSandwiches,Biscuits,Coffee,LocalFavorite,BusyButWorthIt,OutdoorSeating,Pastries
54,"Nowadays
",Bar,"23a40.69260840419827, -73.90153747784525","https://www.google.com/maps/place/Nowadays/@40.6943777,-73.9052121,17z/data=!4m10!1m2!2m1!1sbar!3m6!1s0x89c25c3aa3dee0fb:0x19510f7d1351751b!8m2!3d40.6924619!4d-73.9015358!15sCgNiYXJaBSIDYmFykgEDYmFy4AEA!16s%2Fg%2F11b7vtgh90?entry=ttu&g_ep=EgoyMDI1MDIxOS4xIKXMDSoASAFQAw%3D%3D","A Brooklyn nightlife gem with a strict no-phones rule, 2-for-1 happy hour, free water stations, and DJs spinning until sunrise. Come for the music, stay for the tacos and outdoor hammocks.",151.48,0.0,800946846.0,35297517.0,40.4396214,-74.4074303,105.206,860.147,81.0,5.8,10.0,0.012485223,1073.912713,DanceFloor,NoPhones,HappyHour,DJs,LateNight,Tacos,OutdoorSpace
66,"Old Stanley's Bar
",Bar,"40.70102821804637, -73.91400841784063","https://www.google.com/maps/place/Old+Stanley's+Bar/@40.7010028,-73.9151054,19z/data=!4m10!1m2!2m1!1sbar!3m6!1s0x89c25c1f3539d2ed:0xea91073a192819fe!8m2!3d40.7010028!4d-73.9140111!15sCgNiYXJaBSIDYmFykgEDYmFy4AEA!16s%2Fg%2F1s04dc0st?entry=ttu&g_ep=EgoyMDI1MDIxOS4xIKXMDSoASAFQAw%3D%3D","Walked in for a beer, stayed for the jukebox, darts, and a backyard that felt like a summer BBQ. Cash only, cheap drinks, and zero pretense—exactly what a neighborhood bar should be.",,,,,,,,,,,,,,DiveBar,CashOnly,Jukebox,BackyardPatio,Darts,CheapDrinks,NoFrills
24,"OneTwoOne Café
",Cafe,"40.686027708857424, -73.92244243448144","https://www.google.com/maps/place/OneTwoOne+Caf%C3%A9/@40.6858772,-73.9274582,17z/data=!4m11!1m3!2m2!1scafe!6e5!3m6!1s0x89c25d002e8b855f:0xc5ccf5e396a27e46!8m2!3d40.6858772!4d-73.9230808!15sCgRjYWZlWgYiBGNhZmWSAQtjb2ZmZWVfc2hvcOABAA!16s%2Fg%2F11w9l1txct?entry=ttu&g_ep=EgoyMDI1MDIxOS4xIKXMDSoASAFQAw%3D%3D","A café where the owner might pick up a guitar mid-shift, the matcha comes with brown sugar syrup, and the soup is so good you’ll scrape the bowl. Bring a book, stay awhile.",145.0,0.0,781832071.0,7993022.0,40.5655273,-74.6199378,131.948,344.978,84.6,4.7,11.0,0.014069517,441.2430914,Cafe,LiveMusic,Matcha,PianoBar,HomemadeSoup,ArtistsCorner,NeighborhoodSpot
36,"pàn
",Restaurant,"40.69429909017617, -73.90231137514246","https://www.google.com/maps/place/p%C3%A0n/@40.6941486,-73.9063508,17z/data=!4m10!1m2!2m1!1srestaurant!3m6!1s0x89c25d6013070773:0x786cd3c72cdd9b6f!8m2!3d40.6941486!4d-73.9023088!15sCgpyZXN0YXVyYW50WgwiCnJlc3RhdXJhbnSSARBwaXp6YV9yZXN0YXVyYW504AEA!16s%2Fg%2F11nn0_xj6_?entry=ttu&g_ep=EgoyMDI1MDIxOS4xIKXMDSoASAFQAw%3D%3D","A wood-fired pizza spot where locals swear by the Hot Mess, jazz plays on the patio, and the servers make you feel like family. Order the truffle pizza and stay for the wine.",40.0,1.0,482081967.0,31997851.0,41.0366554,-74.2994078,84.465,519.986,81.1,7.7,9.0,0.018669024,1078.625702,Pizza,HotMess,TrufflePizza,JazzNights,WoodFired,NeighborhoodSpot,GreatService
15,"Peet's Coffee

",Cafe,"40.69995337216017, -73.90539294536836","https://www.google.com/maps/place/Peet's+Coffee/@40.7003682,-73.9070988,16z/data=!4m10!1m2!2m1!1scafe!3m6!1s0x89c25c241f505f49:0xf4ab929926913bd9!8m2!3d40.6995185!4d-73.9053758!15sCgRjYWZlWgYiBGNhZmWSAQtjb2ZmZWVfc2hvcOABAA!16s%2Fg%2F11f3jl1939?entry=ttu&g_ep=EgoyMDI1MDIxOS4xIKXMDSoASAFQAw%3D%3D","A coffee spot inside a supermarket with solid drinks, Wi-Fi, and quick service. Ideal for a caffeine fix while shopping or a short break by the window.",50.0,1.0,602918746.0,35387155.0,40.9596985,-74.0747272,118.714,953.243,82.6,5.2,31.0,0.051416547,1581.047208,Cafe,Coffee,GrabAndGo,Supermarket,WiFi,QuickService,BarSeating
57,"Phil’s

",Bar,"40.69477637814309, -73.91060588720121","https://www.google.com/maps/place/Phil%E2%80%99s/@40.6946991,-73.9105791,17z/data=!4m10!1m2!2m1!1sbar!3m6!1s0x89c25c473ed1f76d:0x5b1dd93199eaffdb!8m2!3d40.6946277!4d-73.9106352!15sCgNiYXJaBSIDYmFykgEDYmFy4AEA!16s%2Fg%2F11gf9f40jm?entry=ttu&g_ep=EgoyMDI1MDIxOS4xIKXMDSoASAFQAw%3D%3D","A neighborhood bar that turns into your second living room—where laundry trips turn into beer breaks, and grilled cheese with tomato soup feels like a hug. Stay for the backyard, stay longer for the PB&J shots.",34.0,1.0,602918746.0,35387155.0,40.9596985,-74.0747272,118.714,953.243,82.6,5.2,31.0,0.051416547,1581.047208,GrilledCheese,Backyard,PBJShots,NeighborhoodBar,BoardGames,HappyHour,CozyVibes
51,"Punta Cana Sports Bar
",Bar,"40.69140282782132, -73.90942743758698","https://www.google.com/maps/place/Punta+Cana+Sports+Bar/@40.6932092,-73.9093005,17.56z/data=!4m10!1m2!2m1!1sbar!3m6!1s0x89c25dd7401d8a0b:0x58b4b5b9faf111c8!8m2!3d40.691297!4d-73.9094245!15sCgNiYXJaBSIDYmFykgEDYmFy4AEA!16s%2Fg%2F11wx2krpzp?entry=ttu&g_ep=EgoyMDI1MDIxOS4xIKXMDSoASAFQAw%3D%3D","A lively sports bar where Super Bowl Sundays feel like home—juicy burgers, crispy wings, and cold beer fuel the cheers. Fair prices, good vibes, and a playlist that never misses.",61.4,1.0,800946846.0,35297517.0,40.4396214,-74.4074303,105.206,860.147,81.0,5.8,10.0,0.012485223,1073.912713,SportsBar,Burgers,Wings,ColdBeer,GameNight,LivelyVibes,NeighborhoodSpot
75,"Rakit Club
",Venue,"40.691323837166266, -73.90284242097388","https://www.google.com/maps/place/Rakit+Club/@40.6945045,-73.9108139,16z/data=!4m10!1m2!2m1!1smuusic+venue!3m6!1s0x89c25c3a4575a6cb:0xe70ca192ab1f923b!8m2!3d40.691031!4d-73.9028344!15sCgttdXNpYyB2ZW51ZVoNIgttdXNpYyB2ZW51ZZIBEGxpdmVfbXVzaWNfdmVudWWaASNDaFpEU1VoTk1HOW5TMFZKUTBGblNVUnlaMlZRYmxsbkVBReABAPoBBAgAEDA!16s%2Fg%2F11c20dn67x?entry=ttu&g_ep=EgoyMDI1MDIxOS4xIKXMDSoASAFQAw%3D%3D","A creative sanctuary in Brooklyn where live music, performances, and community gatherings create an atmosphere of connection. A place for healing, artistic expression, and unforgettable nights filled with pure energy.",,,,,,,,,,,,,,LiveMusic,CreativeSpace,HealingEnergy,BrooklynNights,CommunityVibes,ArtisticExpression,MagicalMoments
20,"Ridgewood
",Cafe,"40.69978034568488, -73.90973376461588","https://www.google.com/maps/place/Ridgewood/@40.6996136,-73.9141058,17z/data=!4m11!1m3!2m2!1scafe!6e5!3m6!1s0x89c25c222d9e049d:0x51783373539cd8c3!8m2!3d40.6996136!4d-73.9097284!15sCgRjYWZlWgYiBGNhZmWSAQRjYWZl4AEA!16s%2Fg%2F11g6ltk_6d?entry=ttu&g_ep=EgoyMDI1MDIxOS4xIKXMDSoASAFQAw%3D%3D","A neighborhood that doesn’t argue about labels—Brooklyn, Queens, who cares? The fish market has the freshest shrimp, the shops are solid, and it’s just lively enough without the Bushwick chaos.",35.0,1.0,266163569.0,6841269.0,40.6598707,-74.3086957,95.0,572.079,83.2,5.8,16.0,0.060113411,2149.351251,Ridgewood,BrooklynOrQueens,NeighborhoodVibes,FreshFish,LocalMarkets,LivelyButChill,
2,"Ridgewood’s Cafe & Lounge
",Cafe,"40.70252857983073, -73.91182717950684","https://www.google.com/maps/place/Ridgewood%E2%80%99s+Cafe+%26+Lounge/@40.7021463,-73.9208501,16z/data=!4m10!1m2!2m1!1scafe!3m6!1s0x89c25da11732b197:0xeab30ef10d4f3eb8!8m2!3d40.7021463!4d-73.9120954!15sCgRjYWZlWgYiBGNhZmWSAQRjYWZl4AEA!16s%2Fg%2F11vy0t5br0?entry=ttu&g_ep=EgoyMDI1MDIxOS4xIKXMDSoASAFQAw%3D%3D","A cozy café perfect for working, unwinding, or a relaxed brunch. Known for smooth lattes, fluffy pancakes, and a top-notch bacon, egg & cheese. Friendly staff and free coffee Wednesdays make it extra inviting.",73.0,1.0,781832071.0,7993022.0,40.5655273,-74.6199378,131.948,344.978,84.6,4.7,11.0,0.014069517,441.2430914,Cafe,Brunch,Lattes,BaconEggCheese,Cozy,WorkFriendly,Affordable
38,"Rosa’s Steakhouse
",Restaurant,"40.69135910361901, -73.90877442378446","https://www.google.com/maps/place/Rosa%E2%80%99s+Steakhouse/@40.6894677,-73.9107432,17z/data=!4m10!1m2!2m1!1srestaurant!3m6!1s0x89c25d006d66596d:0x1a45a45df92f6d98!8m2!3d40.691242!4d-73.9088286!15sCgpyZXN0YXVyYW50WgwiCnJlc3RhdXJhbnSSARlsYXRpbl9hbWVyaWNhbl9yZXN0YXVyYW504AEA!16s%2Fg%2F11w36zpm3r?entry=ttu&g_ep=EgoyMDI1MDIxOS4xIKXMDSoASAFQAw%3D%3D","Rosa’s Steakhouse feels like a party where the food steals the show—tender churrasco, unforgettable empanadas, and coconut mojitos, all with DJs, dancing, and servers who treat you like family.",10.0,1.0,800946846.0,35297517.0,40.4396214,-74.4074303,105.206,860.147,81.0,5.8,10.0,0.012485223,1073.912713,Cocktail,Dominican,Steakhouse,Empanada,LiveMusic,GreatService,NeighborhoodFavorite
7,"Saint Michel Cafe
",Cafe,"40.695989136802, -73.908816240723","https://www.google.com/maps/place/Saint+Michel+Cafe/@40.6909863,-73.913612,16z/data=!4m10!1m2!2m1!1scafe!3m6!1s0x89c26408eb57567b:0xe8fc667d5618703!8m2!3d40.6956318!4d-73.9088426!15sCgRjYWZlWgYiBGNhZmWSAQtjb2ZmZWVfc2hvcOABAA!16s%2Fg%2F11dxjx4n_4?entry=ttu&g_ep=EgoyMDI1MDIxOS4xIKXMDSoASAFQAw%3D%3D","A bakery-café where vintage trinkets, nostalgic books, and art-covered walls set a creative, cozy scene. Known for custom cakes, black sesame hojicha lattes, and oversized croissants in a welcoming, dog-friendly space.",228.0,0.0,1194048303.0,53103740.0,40.8588961,-74.5472917,130.808,508.816,83.9,5.1,19.0,0.015912254,426.1268147,Cafe,Bakery,Coffee,CustomCakes,DogFriendly,ArtfulPastries,CozyVibe
25,"Starbucks
",Cafe,"40.699918477482775, -73.91120244927356","https://www.google.com/maps/place/Starbucks/@40.699768,-73.9156174,17z/data=!4m11!1m3!2m2!1scafe!6e5!3m6!1s0x89c25c22177855e5:0xca45b1bcb501ab2f!8m2!3d40.699768!4d-73.91124!15sCgRjYWZlWgYiBGNhZmWSAQtjb2ZmZWVfc2hvcOABAA!16s%2Fg%2F11bw6j0rtw?entry=ttu&g_ep=EgoyMDI1MDIxOS4xIKXMDSoASAFQAw%3D%3D","Starbucks Ridgewood runs on chaos—mobile orders go missing, drinks are upside down, but sometimes, they slip you a cute sticker that makes you forgive everything for five minutes.",260.0,1.0,781832071.0,7993022.0,40.5655273,-74.6199378,131.948,344.978,84.6,4.7,11.0,0.014069517,441.2430914,Drama,CoffeeStruggles,RidgewoodCafe,Chaos,MorningRituals,GoodLuckOrdering,
76,"Stone Circle Theatre
",Venue,"40.701540993292106, -73.89954538690291","https://www.google.com/maps/place/Stone+Circle+Theatre/@40.7010123,-73.9082679,16z/data=!4m10!1m2!2m1!1smuusic+venue!3m6!1s0x89c25da8acc09f43:0x2033b4913593d78e!8m2!3d40.7010123!4d-73.8995132!15sCgttdXNpYyB2ZW51ZVoNIgttdXNpYyB2ZW51ZZIBEGxpdmVfbXVzaWNfdmVudWWaASNDaFpEU1VoTk1HOW5TMFZKUTBGblNVUkdaemxpU21OQkVBReABAPoBBAgAECs!16s%2Fg%2F11stk9z8ff?entry=ttu&g_ep=EgoyMDI1MDIxOS4xIKXMDSoASAFQAw%3D%3D","An intimate venue where local talent shines, with strong acoustics and a welcoming community. From all-ages shows to late-night sets, it’s a space built for music, art, and connection.",,,,,,,,,,,,,,LiveMusic,LocalTalent,CommunitySpace,AllAgesShows,AcousticVibes,PerformanceVenue,ArtisticEnergy
88,"stop one supermarket
",Market,"40.689743474893824, -73.9059433092812","https://www.google.com/maps/place/stop+one+supermarket/@40.6923711,-73.9105031,16z/data=!4m10!1m2!2m1!1sstore!3m6!1s0x89c25c395058670b:0x5f57960a7df77b8c!8m2!3d40.689358!4d-73.9060101!15sCgVzdG9yZVoHIgVzdG9yZZIBBXN0b3Jl4AEA!16s%2Fg%2F11clvtvzpm?entry=ttu&g_ep=EgoyMDI1MDIxOS4xIKXMDSoASAFQAw%3D%3D","A family-run deli-turned-market where the owner remembers your order, the juice bar is always fresh, and the bodega cat guards the produce. Don Miguel and his team keep the shelves stocked and the sandwiches stacked.",,,,,,,,,,,,,,Bodega,DeliSandwiches,FreshProduce,JuiceBar,NeighborhoodSpot,OrganicOptions,LocalFavorite
23,"Suad's Sports Cafe
",Cafe,"40.701686275775046, -73.89680960694471","https://www.google.com/maps/place/Suad's+Sports+Cafe/@40.701487,-73.9012031,17z/data=!4m11!1m3!2m2!1scafe!6e5!3m6!1s0x89c25c29bb25e45b:0xd08ba96c44956b20!8m2!3d40.701487!4d-73.8968257!15sCgRjYWZlWgYiBGNhZmWSAQRjYWZl4AEA!16s%2Fg%2F11g6lvp8w0?entry=ttu&g_ep=EgoyMDI1MDIxOS4xIKXMDSoASAFQAw%3D%3D","An Italian espresso so smooth it felt like a gift—probably because the owner’s son actually handed me a free one. Solid coffee, even better hospitality.",150.0,1.0,482081967.0,31997851.0,41.0366554,-74.2994078,84.465,519.986,81.1,7.7,9.0,0.018669024,1078.625702,Espresso,ItalianBrew,NeighborhoodCafe,Barista,CoffeeLovers,CafeVibes,
69,"Talon Bar
",Bar,"40.70109547796973, -73.91435961197516","https://www.google.com/maps/place/Talon+Bar/@40.7011181,-73.9146369,21z/data=!4m11!1m3!2m2!1sbar!6e5!3m6!1s0x89c25c1f339af8a1:0xedadeb828a13508f!8m2!3d40.7011181!4d-73.9143633!15sCgNiYXJaBSIDYmFykgEDYmFy4AEA!16s%2Fg%2F11cmzgfykd?entry=ttu&g_ep=EgoyMDI1MDIxOS4xIKXMDSoASAFQAw%3D%3D","A gothic-infused bar with taxidermy, a hidden basement dance floor, and oxtail nachos worth raving about. The cocktails can be hit or miss, but the heated backyard is a solid retreat.",,,,,,,,,,,,,,GothBar,Taxidermy,BasementDancefloor,OxtailNachos,CocktailBar,HeatedBackyard,LiveDJs
62,"The Bad Old Days
",Bar,"40.70109198621828, -73.9081487632429","https://www.google.com/maps/place/The+Bad+Old+Days/@40.7010381,-73.9092149,19z/data=!4m10!1m2!2m1!1sbar!3m6!1s0x89c25c216eacd009:0x41e07991c61d1be5!8m2!3d40.7010381!4d-73.9081206!15sCgNiYXJaBSIDYmFykgEDYmFy4AEA!16s%2Fg%2F11bttrnm0v?entry=ttu&g_ep=EgoyMDI1MDIxOS4xIKXMDSoASAFQAw%3D%3D","A bar with hipster nostalgia, old décor, and espresso martinis worth talking about. Board games, vintage oddities, and bad movie nights make it a go-to for casual hangs and deep dives.",,,,,,,,,,,,,,EspressoMartini,HipsterNostalgia,OldDecor,BoardGames,BadMovieNights,CocktailBar,NeighborhoodSpot
79,"The Bushwick Starr
",Venue,"40.695745374158655, -73.90448239484915","https://www.google.com/maps/place/The+Bushwick+Starr/@40.6954444,-73.9134624,16z/data=!4m10!1m2!2m1!1smuusic+venue!3m6!1s0x89c25c1d25ee77cd:0x69e11a7e481fe5ea!8m2!3d40.6954444!4d-73.9047077!15sCgttdXNpYyB2ZW51ZVoNIgttdXNpYyB2ZW51ZZIBF3BlcmZvcm1pbmdfYXJ0c190aGVhdGVy4AEA!16s%2Fm%2F0k3cnkn?entry=ttu&g_ep=EgoyMDI1MDIxOS4xIKXMDSoASAFQAw%3D%3D","An intimate theater space known for experimental, boundary-pushing performances, from queer wonderlands to sung reflections on Black life in America. A bohemian loft hosting plays that leave lasting impressions.",,,,,,,,,,,,,,ExperimentalTheater,IntimateVenue,QueerArt,AffordableTickets,LoftSpace,NYCTheater,BoundaryPushing
52,"The Deep End
",Bar,"40.69452005509125, -73.90222412332197","https://www.google.com/maps/place/The+Deep+End/@40.6943777,-73.9052121,17z/data=!4m10!1m2!2m1!1sbar!3m6!1s0x89c25c253599e799:0x8cc07ca2dd4a3d04!8m2!3d40.6943777!4d-73.9022532!15sCgNiYXJaBSIDYmFykgEDYmFy4AEA!16s%2Fg%2F11c5b3v90n?entry=ttu&g_ep=EgoyMDI1MDIxOS4xIKXMDSoASAFQAw%3D%3D","A creative nightlife hub with drag shows, burlesque, and karaoke Sundays. A divey warehouse vibe, murals everywhere, and tacos that even a picky Mexican approves of.",68.4,1.0,800946846.0,35297517.0,40.4396214,-74.4074303,105.206,860.147,81.0,5.8,10.0,0.012485223,1073.912713,DragShows,Burlesque,Karaoke,Tacos,WarehouseVibe,QueerFriendly,Murals
63,"The Evergreen
",Bar,"40.686002484755086, -73.90813447488716","https://www.google.com/maps/place/The+Evergreen/@40.6859974,-73.9093079,19z/data=!4m10!1m2!2m1!1sbar!3m6!1s0x89c25c3f420d8be7:0x7c95d3345a4f9439!8m2!3d40.6859974!4d-73.9082136!15sCgNiYXJaBSIDYmFykgEDYmFy4AEA!16s%2Fg%2F11b8_8sg_q?entry=ttu&g_ep=EgoyMDI1MDIxOS4xIKXMDSoASAFQAw%3D%3D","A neighborhood hideout where locals trade stories over whiskey and pinball. A little dark, a little divey, but always full of familiar faces, heavy pours, and the occasional late-night jerk chicken.",,,,,,,,,,,,,,Whiskey,Pinball,DiveBar,Regulars,JerkChicken,DarkAndChill,NeighborhoodSpot
3,"Tikal cafe
",Cafe,"40.691384913777725, -73.90488948690292","https://www.google.com/maps/place/tikal+cafe/@40.6909863,-73.913612,16z/data=!4m10!1m2!2m1!1scafe!3m6!1s0x89c25d9e5d35c185:0xd908b74f908fd2a1!8m2!3d40.6909863!4d-73.9048573!15sCgRjYWZlWgYiBGNhZmWSAQtjb2ZmZWVfc2hvcOABAA!16s%2Fg%2F11mv5s1jck?entry=ttu&g_ep=EgoyMDI1MDIxOS4xIKXMDSoASAFQAw%3D%3D","A sunlit café with vintage wooden tables, lush greenery, and rustic charm. Taro lattes, golden croissants, and fresh juices pair with hearty vegetarian plates in a pet-friendly, cozy space.",80.0,1.0,781832071.0,7993022.0,40.5655273,-74.6199378,131.948,344.978,84.6,4.7,11.0,0.014069517,441.2430914,Cafe,Vegetarian,Coffee,JuiceBar,PetFriendly,CozyVibe,SeasonalDrinks
17,"Tikal cafe 2
",Cafe,"40.698395157544, -73.92095226660926","https://www.google.com/maps/place/Tikal+cafe+2/@40.6996966,-73.9246966,16z/data=!4m10!1m2!2m1!1scafe!3m6!1s0x89c25d019658e0d9:0x19449ec5da5e6238!8m2!3d40.6981756!4d-73.9209528!15sCgRjYWZlWgYiBGNhZmWSAQtjb2ZmZWVfc2hvcOABAA!16s%2Fg%2F11rq3pzr35?entry=ttu&g_ep=EgoyMDI1MDIxOS4xIKXMDSoASAFQAw%3D%3D","The lavender latte was so delicate, it felt like drinking a flower. Their açaí bowl? The perfect consistency. A chill corner of Bushwick for slow mornings and good conversations.",55.0,0.0,573324566.0,15689888.0,39.8024071,-74.9612493,82.005,522.581,80.2,6.9,20.0,0.034884254,911.4924268,LavenderLatte,AcaiBowl,BushwickEats,CoffeeCulture,SlowMornings,CafeVibes,
73,Trans-Pecos,Venue,"40.6974084626594, -73.9061601502108","https://www.google.com/maps/place/Trans-Pecos/@40.6947029,-73.9114767,16.42z/data=!4m10!1m3!2m2!1sbar!6e5!3m5!1s0x89c25c24873dd335:0xd2345e75abfc99c5!8m2!3d40.697066!4d-73.9061795!16s%2Fg%2F1q64w48lx?entry=ttu&g_ep=EgoyMDI1MDIxOS4xIKXMDSoASAFQAw%3D%3D","A gritty DIY venue on the Ridgewood-Bushwick line, where indie bands, raves, and brass ensembles collide. A massive backyard, booming sound system, cheap drinks, and unpredictable nights make it a local favorite.",,,,,,,,,,,,,,DIYVenue,Ridgewood,Bushwick,BackyardVibes,QueerFriendly,LoudAndDark,CheapDrinks
67,"TV Eye
",Bar,"40.697883377941686, -73.90523124051701","https://www.google.com/maps/place/TV+Eye/@40.6978544,-73.9057657,20z/data=!4m10!1m2!2m1!1sbar!3m6!1s0x89c25dd93826a059:0xc6e39cd09d5c1a4f!8m2!3d40.6978544!4d-73.9052185!15sCgNiYXJaBSIDYmFykgEQbGl2ZV9tdXNpY192ZW51ZZoBJENoZERTVWhOTUc5blMwVkpRMEZuU1VSWFoxcG1jMnRCUlJBQuABAPoBBAg3EEo!16s%2Fg%2F11fqwh3pq2?entry=ttu&g_ep=EgoyMDI1MDIxOS4xIKXMDSoASAFQAw%3D%3D","A sprawling venue with eclectic crowds, cheap drinks, wild dance parties, and a smoky outdoor space—where music shakes the walls, bartenders shape the night, and every visit feels like stepping into another world.",,,,,,,,,,,,,,LiveMusic,OutdoorSpace,EclecticVibes,GreatDrinks,DanceParty,HiddenGem,UnpredictableNights
92,"Unruly Collective
",Org,"40.6890179067988, -73.90602077372023","https://www.google.com/maps/place/Unruly+Collective/@40.6893182,-73.9052399,18.25z/data=!4m6!3m5!1s0x89c25c394f5e87b1:0x3a26b9493f0c2a7b!8m2!3d40.6889286!4d-73.9059935!16s%2Fg%2F11fll6wzsm?entry=ttu&g_ep=EgoyMDI1MDIxOS4xIKXMDSoASAFQAw%3D%3D","A Bushwick haven for artists and dreamers—three floors of art, a backyard built for connection, and events that pulse with creative energy, all wrapped in an unfiltered, unpredictable magic.",,,,,,,,,,,,,,ArtSpace,CreativeCommunity,LiveMusic,IndieVibes,HiddenGem,DIYScene,BrooklynEnergy
91,"Wilson Av
",Station,"40.68885935332981, -73.90465715163525","https://www.google.com/maps/place/Wilson+Av/@40.6896817,-73.905899,17.34z/data=!4m6!3m5!1s0x89c25c3970d1df41:0xb8572b07b9d318bc!8m2!3d40.6887823!4d-73.9046724!16zL20vMGR0Z25f?entry=ttu&g_ep=EgoyMDI1MDIxOS4xIKXMDSoASAFQAw%3D%3D","A station built around the dead—tracks stacked to respect the cemetery, half outside, half underground, with views that stretch beyond Brooklyn’s rush. Just wish the trains were on time.",,,,,,,,,,,,,,SubwayViews,LTrain,HistoricNYC,TransitProblems,UrbanDesign,BrooklynCommute,NYCUnderground
77,"Wilson Live
",Venue,"40.68993240041774, -73.90588724457405","https://www.google.com/maps/place/Wilson+Live/@40.6896314,-73.9145883,16z/data=!4m10!1m2!2m1!1smuusic+venue!3m6!1s0x89c25d61be4f1c2b:0x14de767213fc7f57!8m2!3d40.6896314!4d-73.9058336!15sCgttdXNpYyB2ZW51ZVoNIgttdXNpYyB2ZW51ZZIBCWphenpfY2x1YuABAA!16s%2Fg%2F11h0b3qn9d?entry=ttu&g_ep=EgoyMDI1MDIxOS4xIKXMDSoASAFQAw%3D%3D","A hidden jazz haven where young musicians play for love, not price—no charge, just donations, and a room that hums like an old vinyl spinning under warm, low lights.",,,,,,,,,,,,,,LiveJazz,HiddenGem,NYCNightlife,MusicLovers,JazzCommunity,SupportArtists,NYCVibes
58,"Witching Hour
",Bar,"40.69122796709132, -73.90497983578028","https://www.google.com/maps/place/Witching+Hour/@40.6910612,-73.9093626,17z/data=!4m10!1m2!2m1!1sbar!3m6!1s0x89c25d897e0ec8bf:0x30c8005ccc9ef157!8m2!3d40.6910612!4d-73.9049852!15sCgNiYXJaBSIDYmFykgEMY29ja3RhaWxfYmFy4AEA!16s%2Fg%2F11t49_pk4n?entry=ttu&g_ep=EgoyMDI1MDIxOS4xIKXMDSoASAFQAw%3D%3D","A bar where magic lingers in the air—cocktails crafted with care, a backyard humming with laughter, karaoke nights that feel like home, and a warmth that welcomes everyone who walks through the door.",112.4,0.0,923435921.0,15825319.0,40.8534914,-75.0094978,92.62,109.739,81.7,5.5,1.0,0.001082912,118.837699,BushwickBars,CraftCocktails,KaraokeVibes,HappyHourMagic,NeighborhoodGem,ChillSpots,WitchyAesthetic
